{"cameraMode":{"drawMode":0,"name":"Shaded","section":"Shading Mode"},"sceneLighting":true,"audioPlay":false,"sceneViewState":{"m_AlwaysRefresh":false,"showFog":true,"showSkybox":true,"showFlares":true,"showImageEffects":true,"showParticleSystems":true,"showVisualEffectGraphs":true,"m_FxEnabled":true},"in2DMode":false,"pivot":{"x":427.96258544921877,"y":0.44341278076171877,"z":490.38592529296877},"rotation":{"x":-0.14128734171390534,"y":-0.6970754265785217,"z":0.14235073328018189,"w":-0.6886128783226013},"size":38.93644714355469,"orthographic":false}