{"cameraMode":{"drawMode":0,"name":"Shaded","section":"Shading Mode"},"sceneLighting":true,"audioPlay":false,"sceneViewState":{"m_AlwaysRefresh":false,"showFog":true,"showSkybox":true,"showFlares":true,"showImageEffects":true,"showParticleSystems":true,"showVisualEffectGraphs":true,"m_FxEnabled":true},"in2DMode":false,"pivot":{"x":16.625553131103517,"y":29.93971061706543,"z":118.84461975097656},"rotation":{"x":0.04824827238917351,"y":0.9492468237876892,"z":-0.2523285448551178,"w":0.18156422674655915},"size":1.4686765670776368,"orthographic":false}