{"cameraMode":{"drawMode":0,"name":"Shaded","section":"Shading Mode"},"sceneLighting":true,"audioPlay":false,"sceneViewState":{"m_AlwaysRefresh":false,"showFog":true,"showSkybox":true,"showFlares":true,"showImageEffects":true,"showParticleSystems":true,"showVisualEffectGraphs":true,"m_FxEnabled":true},"in2DMode":false,"pivot":{"x":4.937145233154297,"y":9.624258041381836,"z":61.573421478271487},"rotation":{"x":0.34834402799606326,"y":0.2680480182170868,"z":-0.10487473756074906,"w":0.8921517133712769},"size":1.1697386503219605,"orthographic":false}